<?xml version="1.0" encoding="UTF-8"?>
<DocSetNodes version="1.0">
    <TOC>
        <Node type="folder">
            <Name>DHCoreData</Name>
            <Path>index.html</Path>
			<Subnodes>
                
				
				<Node type="folder">
					<Name>Classes</Name>
					<Path>index.html</Path>
					<Subnodes>
						<NodeRef refid="1"/>
						
					</Subnodes>
				</Node>
				
				
				<Node>
					<Name>Categories</Name>
					<Path>index.html</Path>
					<Subnodes>
						<NodeRef refid="2"/>
						<NodeRef refid="3"/>
						
					</Subnodes>
				</Node>
				
                
                
                
			</Subnodes>
        </Node>
    </TOC>
	<Library>
		
		<Node id="1" type="file" documentType="reference">
            <Name>DHCoreDataStack</Name>
            <Path>Classes/DHCoreDataStack.html</Path>
            
                <Subnodes>
                <Node type="section">
                    <Path>Classes/DHCoreDataStack.html</Path>
                    <Name>Overview</Name>
                    <Anchor>overview</Anchor>
                </Node>
                <Node type="section">
                    <Path>Classes/DHCoreDataStack.html</Path>
                    <Name>Tasks</Name>
                    <Anchor>tasks</Anchor>
                </Node>
                
                <Node type="section">
                    <Path>Classes/DHCoreDataStack.html</Path>
                    <Name>Properties</Name>
                    <Anchor>properties</Anchor>
                </Node>
                
                
                <Node type="section">
                    <Path>Classes/DHCoreDataStack.html</Path>
                    <Name>Class Methods</Name>
                    <Anchor>class_methods</Anchor>
                </Node>
                
                
                <Node type="section">
                    <Path>Classes/DHCoreDataStack.html</Path>
                    <Name>Instance Methods</Name>
                    <Anchor>instance_methods</Anchor>
                </Node>
                
            </Subnodes>
            
        </Node>
		
		<Node id="2" type="file" documentType="reference">
            <Name>NSManagedObject(DH)</Name>
            <Path>Categories/NSManagedObject+DH.html</Path>
            
                <Subnodes>
                <Node type="section">
                    <Path>Categories/NSManagedObject+DH.html</Path>
                    <Name>Overview</Name>
                    <Anchor>overview</Anchor>
                </Node>
                <Node type="section">
                    <Path>Categories/NSManagedObject+DH.html</Path>
                    <Name>Tasks</Name>
                    <Anchor>tasks</Anchor>
                </Node>
                
                
                <Node type="section">
                    <Path>Categories/NSManagedObject+DH.html</Path>
                    <Name>Class Methods</Name>
                    <Anchor>class_methods</Anchor>
                </Node>
                
                
            </Subnodes>
            
        </Node>
		<Node id="3" type="file" documentType="reference">
            <Name>NSManagedObject(SetValuesFromDictionary)</Name>
            <Path>Categories/NSManagedObject+SetValuesFromDictionary.html</Path>
            
                <Subnodes>
                <Node type="section">
                    <Path>Categories/NSManagedObject+SetValuesFromDictionary.html</Path>
                    <Name>Overview</Name>
                    <Anchor>overview</Anchor>
                </Node>
                <Node type="section">
                    <Path>Categories/NSManagedObject+SetValuesFromDictionary.html</Path>
                    <Name>Tasks</Name>
                    <Anchor>tasks</Anchor>
                </Node>
                
                
                <Node type="section">
                    <Path>Categories/NSManagedObject+SetValuesFromDictionary.html</Path>
                    <Name>Class Methods</Name>
                    <Anchor>class_methods</Anchor>
                </Node>
                
                
                <Node type="section">
                    <Path>Categories/NSManagedObject+SetValuesFromDictionary.html</Path>
                    <Name>Instance Methods</Name>
                    <Anchor>instance_methods</Anchor>
                </Node>
                
            </Subnodes>
            
        </Node>
		
        
        
        
	</Library>
</DocSetNodes>