<?xml version="1.0" encoding="UTF-8"?>
<Tokens version="1.0">
	<File path="Categories/NSManagedObject+SetValuesFromDictionary.html">
		
		<Token>
			<TokenIdentifier>//apple_ref/occ/cat/NSManagedObject(SetValuesFromDictionary)</TokenIdentifier>
			<Abstract type="html">NSManagedObject extension methods for easily updating an object from
a dictionary representation</Abstract>
			<DeclaredIn>NSManagedObject+SetValuesFromDictionary.h</DeclaredIn>
            
			
			<NodeRef refid="3"/>
		</Token>
		
		
		<Token>
			<TokenIdentifier>//apple_ref/occ/instm/NSManagedObject/updateValuesFromDictionary:dateFormatter:</TokenIdentifier>
			<Abstract type="html">Takes a dictionary and populates the object with values from that dictionary.
Assumes that dictionary keys are the same as the object&apos;s property names unless keyPathsForProperties returns
a non-nil dictionary</Abstract>
			<DeclaredIn>NSManagedObject+SetValuesFromDictionary.h</DeclaredIn>
			
			<Declaration>- (void)updateValuesFromDictionary:(NSDictionary *)dictionary dateFormatter:(NSDateFormatter *)formatter</Declaration>
			<Parameters>
				<Parameter>
					<Name>dictionary</Name>
					<Abstract type="html">The non-nil dictionary with the values to update from</Abstract>
				</Parameter><Parameter>
					<Name>formatter</Name>
					<Abstract type="html">Date formatter to use for date values or nil if dates are either integer values or not expected</Abstract>
				</Parameter>
			</Parameters>
			
			<Anchor>//api/name/updateValuesFromDictionary:dateFormatter:</Anchor>
            <NodeRef refid="3"/>
		</Token>
		
		<Token>
			<TokenIdentifier>//apple_ref/occ/instm/NSManagedObject/updateValuesFromDictionary:dateFormatter:nilUnsetValues:</TokenIdentifier>
			<Abstract type="html">As above, but allows you to specify whether keys not found in the update dictionary
should be nil&apos;d out on the managed object or not. If not, they will be left as before the update.</Abstract>
			<DeclaredIn>NSManagedObject+SetValuesFromDictionary.h</DeclaredIn>
			
			<Declaration>- (void)updateValuesFromDictionary:(NSDictionary *)dictionary dateFormatter:(NSDateFormatter *)formatter nilUnsetValues:(BOOL)nilUnset</Declaration>
			<Parameters>
				<Parameter>
					<Name>dictionary</Name>
					<Abstract type="html">The non-nil dictionary with the values to update from</Abstract>
				</Parameter><Parameter>
					<Name>formatter</Name>
					<Abstract type="html">Date formatter to use for date values or nil if dates are either integer values or not expected</Abstract>
				</Parameter><Parameter>
					<Name>nilUnset</Name>
					<Abstract type="html">Sets whether we should we nil the managed object&apos;s values if not found in the dictionary.</Abstract>
				</Parameter>
			</Parameters>
			
			<Anchor>//api/name/updateValuesFromDictionary:dateFormatter:nilUnsetValues:</Anchor>
            <NodeRef refid="3"/>
		</Token>
		
		<Token>
			<TokenIdentifier>//apple_ref/occ/instm/NSManagedObject/updatedKeysForDictionary:</TokenIdentifier>
			<Abstract type="html">Returns the keys of the dictionary passed in that contain
different data than that in the managed object.</Abstract>
			<DeclaredIn>NSManagedObject+SetValuesFromDictionary.h</DeclaredIn>
			
			<Declaration>- (NSArray *)updatedKeysForDictionary:(NSDictionary *)dictionary</Declaration>
			<Parameters>
				<Parameter>
					<Name>dictionary</Name>
					<Abstract type="html">The dictionary to check</Abstract>
				</Parameter>
			</Parameters>
			
			<Anchor>//api/name/updatedKeysForDictionary:</Anchor>
            <NodeRef refid="3"/>
		</Token>
		
		<Token>
			<TokenIdentifier>//apple_ref/occ/instm/NSManagedObject/insertObjectWithDictionary:inContext:dateFormatter:</TokenIdentifier>
			<Abstract type="html">Inserts an object to the specified context and popuplates it with the provided dictionary. Does not attempt to unique
the object, so ensure this is done prior to this call.</Abstract>
			<DeclaredIn>NSManagedObject+SetValuesFromDictionary.h</DeclaredIn>
			
			<Declaration>+ (instancetype)insertObjectWithDictionary:(NSDictionary *)dictionary inContext:(NSManagedObjectContext *)context dateFormatter:(NSDateFormatter *)formatter</Declaration>
			<Parameters>
				<Parameter>
					<Name>dictionary</Name>
					<Abstract type="html">The non-nil dictionary with the values to update from</Abstract>
				</Parameter><Parameter>
					<Name>context</Name>
					<Abstract type="html">The managed object context to insert to</Abstract>
				</Parameter><Parameter>
					<Name>formatter</Name>
					<Abstract type="html">Date formatter to use for date values or nil if dates are either integer values or not expected</Abstract>
				</Parameter>
			</Parameters>
			
			<Anchor>//api/name/insertObjectWithDictionary:inContext:dateFormatter:</Anchor>
            <NodeRef refid="3"/>
		</Token>
		
		<Token>
			<TokenIdentifier>//apple_ref/occ/instm/NSManagedObject/keyPathsForProperties</TokenIdentifier>
			<Abstract type="html">Overrideable dictionary of keys to map
properties to. If not overridden, returns nil
and properties are assumed to be the same name
as keys in the provided dictionary.</Abstract>
			<DeclaredIn>NSManagedObject+SetValuesFromDictionary.h</DeclaredIn>
			
			<Declaration>+ (NSDictionary *)keyPathsForProperties</Declaration>
			
			
			<Anchor>//api/name/keyPathsForProperties</Anchor>
            <NodeRef refid="3"/>
		</Token>
		
        
        
	</File>
</Tokens>