<?xml version="1.0" encoding="UTF-8"?>
<Tokens version="1.0">
	<File path="Classes/DHCoreDataStack.html">
		
		<Token>
			<TokenIdentifier>//apple_ref/occ/cl/DHCoreDataStack</TokenIdentifier>
			<Abstract type="html">Class for vending the core data stack for the application.
Users should use the shared instance or data may not get
merged to the main context properly</Abstract>
			<DeclaredIn>DHCoreDataStack.h</DeclaredIn>
            
			
			<NodeRef refid="1"/>
		</Token>
		
		
		<Token>
			<TokenIdentifier>//apple_ref/occ/clm/DHCoreDataStack/sharedStack</TokenIdentifier>
			<Abstract type="html">Shared instance of the stack</Abstract>
			<DeclaredIn>DHCoreDataStack.h</DeclaredIn>
			
			<Declaration>+ (instancetype)sharedStack</Declaration>
			
			
			<Anchor>//api/name/sharedStack</Anchor>
            <NodeRef refid="1"/>
		</Token>
		
		<Token>
			<TokenIdentifier>//apple_ref/occ/instm/DHCoreDataStack/setModelName:</TokenIdentifier>
			<Abstract type="html">Name of the model we should be looking for</Abstract>
			<DeclaredIn>DHCoreDataStack.h</DeclaredIn>
			
			<Declaration>@property (nonatomic, copy) NSString *modelName</Declaration>
			
			
			<Anchor>//api/name/modelName</Anchor>
            <NodeRef refid="1"/>
		</Token>
		
		<Token>
			<TokenIdentifier>//apple_ref/occ/instm/DHCoreDataStack/modelName</TokenIdentifier>
			<Abstract type="html">Name of the model we should be looking for</Abstract>
			<DeclaredIn>DHCoreDataStack.h</DeclaredIn>
			
			<Declaration>@property (nonatomic, copy) NSString *modelName</Declaration>
			
			
			<Anchor>//api/name/modelName</Anchor>
            <NodeRef refid="1"/>
		</Token>
		
		<Token>
			<TokenIdentifier>//apple_ref/occ/instp/DHCoreDataStack/modelName</TokenIdentifier>
			<Abstract type="html">Name of the model we should be looking for</Abstract>
			<DeclaredIn>DHCoreDataStack.h</DeclaredIn>
			
			<Declaration>@property (nonatomic, copy) NSString *modelName</Declaration>
			
			
			<Anchor>//api/name/modelName</Anchor>
            <NodeRef refid="1"/>
		</Token>
		
		<Token>
			<TokenIdentifier>//apple_ref/occ/instm/DHCoreDataStack/setStoreName:</TokenIdentifier>
			<Abstract type="html">Name we should use for the store. Will default
to model name if not set</Abstract>
			<DeclaredIn>DHCoreDataStack.h</DeclaredIn>
			
			<Declaration>@property (nonatomic, copy) NSString *storeName</Declaration>
			
			
			<Anchor>//api/name/storeName</Anchor>
            <NodeRef refid="1"/>
		</Token>
		
		<Token>
			<TokenIdentifier>//apple_ref/occ/instm/DHCoreDataStack/storeName</TokenIdentifier>
			<Abstract type="html">Name we should use for the store. Will default
to model name if not set</Abstract>
			<DeclaredIn>DHCoreDataStack.h</DeclaredIn>
			
			<Declaration>@property (nonatomic, copy) NSString *storeName</Declaration>
			
			
			<Anchor>//api/name/storeName</Anchor>
            <NodeRef refid="1"/>
		</Token>
		
		<Token>
			<TokenIdentifier>//apple_ref/occ/instp/DHCoreDataStack/storeName</TokenIdentifier>
			<Abstract type="html">Name we should use for the store. Will default
to model name if not set</Abstract>
			<DeclaredIn>DHCoreDataStack.h</DeclaredIn>
			
			<Declaration>@property (nonatomic, copy) NSString *storeName</Declaration>
			
			
			<Anchor>//api/name/storeName</Anchor>
            <NodeRef refid="1"/>
		</Token>
		
		<Token>
			<TokenIdentifier>//apple_ref/occ/instm/DHCoreDataStack/setDirectoryPath:</TokenIdentifier>
			<Abstract type="html">Where should we store the database? Defaults to NSCachesDirectory,
assuming this is just a cache of feeds. If changing to NSDocumentsDirectory
ensure this database is only storing user created data</Abstract>
			<DeclaredIn>DHCoreDataStack.h</DeclaredIn>
			
			<Declaration>@property (nonatomic, copy) NSString *directoryPath</Declaration>
			
			
			<Anchor>//api/name/directoryPath</Anchor>
            <NodeRef refid="1"/>
		</Token>
		
		<Token>
			<TokenIdentifier>//apple_ref/occ/instm/DHCoreDataStack/directoryPath</TokenIdentifier>
			<Abstract type="html">Where should we store the database? Defaults to NSCachesDirectory,
assuming this is just a cache of feeds. If changing to NSDocumentsDirectory
ensure this database is only storing user created data</Abstract>
			<DeclaredIn>DHCoreDataStack.h</DeclaredIn>
			
			<Declaration>@property (nonatomic, copy) NSString *directoryPath</Declaration>
			
			
			<Anchor>//api/name/directoryPath</Anchor>
            <NodeRef refid="1"/>
		</Token>
		
		<Token>
			<TokenIdentifier>//apple_ref/occ/instp/DHCoreDataStack/directoryPath</TokenIdentifier>
			<Abstract type="html">Where should we store the database? Defaults to NSCachesDirectory,
assuming this is just a cache of feeds. If changing to NSDocumentsDirectory
ensure this database is only storing user created data</Abstract>
			<DeclaredIn>DHCoreDataStack.h</DeclaredIn>
			
			<Declaration>@property (nonatomic, copy) NSString *directoryPath</Declaration>
			
			
			<Anchor>//api/name/directoryPath</Anchor>
            <NodeRef refid="1"/>
		</Token>
		
		<Token>
			<TokenIdentifier>//apple_ref/occ/instm/DHCoreDataStack/setMainContext:</TokenIdentifier>
			<Abstract type="html">The main thread context for the application</Abstract>
			<DeclaredIn>DHCoreDataStack.h</DeclaredIn>
			
			<Declaration>@property (nonatomic, strong, readonly) NSManagedObjectContext *mainContext</Declaration>
			
			
			<Anchor>//api/name/mainContext</Anchor>
            <NodeRef refid="1"/>
		</Token>
		
		<Token>
			<TokenIdentifier>//apple_ref/occ/instm/DHCoreDataStack/mainContext</TokenIdentifier>
			<Abstract type="html">The main thread context for the application</Abstract>
			<DeclaredIn>DHCoreDataStack.h</DeclaredIn>
			
			<Declaration>@property (nonatomic, strong, readonly) NSManagedObjectContext *mainContext</Declaration>
			
			
			<Anchor>//api/name/mainContext</Anchor>
            <NodeRef refid="1"/>
		</Token>
		
		<Token>
			<TokenIdentifier>//apple_ref/occ/instp/DHCoreDataStack/mainContext</TokenIdentifier>
			<Abstract type="html">The main thread context for the application</Abstract>
			<DeclaredIn>DHCoreDataStack.h</DeclaredIn>
			
			<Declaration>@property (nonatomic, strong, readonly) NSManagedObjectContext *mainContext</Declaration>
			
			
			<Anchor>//api/name/mainContext</Anchor>
            <NodeRef refid="1"/>
		</Token>
		
		<Token>
			<TokenIdentifier>//apple_ref/occ/instm/DHCoreDataStack/context</TokenIdentifier>
			<Abstract type="html">Returns a configured managed object context for use in concurrent operations
Will merge changes back to the main context</Abstract>
			<DeclaredIn>DHCoreDataStack.h</DeclaredIn>
			
			<Declaration>- (NSManagedObjectContext *)context</Declaration>
			
			
			<Anchor>//api/name/context</Anchor>
            <NodeRef refid="1"/>
		</Token>
		
        
        
	</File>
</Tokens>