<?xml version="1.0" encoding="UTF-8"?>
<Tokens version="1.0">
	<File path="Categories/NSManagedObject+DH.html">
		
		<Token>
			<TokenIdentifier>//apple_ref/occ/cat/NSManagedObject(DH)</TokenIdentifier>
			<Abstract type="html">Convenience extension methods on NSManagedObject for easy fetching,
inserting and creation of fetch requests.</Abstract>
			<DeclaredIn>NSManagedObject+DH.h</DeclaredIn>
            
			
			<NodeRef refid="2"/>
		</Token>
		
		
		<Token>
			<TokenIdentifier>//apple_ref/occ/instm/NSManagedObject/insertObjectInContext:</TokenIdentifier>
			<Abstract type="html">Inserts a new entity in to the specified context</Abstract>
			<DeclaredIn>NSManagedObject+DH.h</DeclaredIn>
			
			<Declaration>+ (instancetype)insertObjectInContext:(NSManagedObjectContext *)context</Declaration>
			<Parameters>
				<Parameter>
					<Name>context</Name>
					<Abstract type="html">The context to insert in to</Abstract>
				</Parameter>
			</Parameters>
			
			<Anchor>//api/name/insertObjectInContext:</Anchor>
            <NodeRef refid="2"/>
		</Token>
		
		<Token>
			<TokenIdentifier>//apple_ref/occ/instm/NSManagedObject/objectsInContext:sortedWithDescriptors:matchingPredicate:</TokenIdentifier>
			<Abstract type="html">Finds an array of objects matching the specified predicate and sorted according to the supplid descriptors</Abstract>
			<DeclaredIn>NSManagedObject+DH.h</DeclaredIn>
			
			<Declaration>+ (NSArray *)objectsInContext:(NSManagedObjectContext *)context sortedWithDescriptors:(NSArray *)sortDescriptors matchingPredicate:(id)stringOrPredicate, ...</Declaration>
			<Parameters>
				<Parameter>
					<Name>context</Name>
					<Abstract type="html">The context to search in</Abstract>
				</Parameter><Parameter>
					<Name>sortDescriptors</Name>
					<Abstract type="html">Sort descriptor array</Abstract>
				</Parameter><Parameter>
					<Name>stringOrPredicate</Name>
					<Abstract type="html">Either an NSPredicate object or a string with variadic arguments to use to create a predicate</Abstract>
				</Parameter><Parameter>
					<Name>...</Name>
					<Abstract type="html">A comma-separated list of arguments to substitute into stringOrPredicate</Abstract>
				</Parameter>
			</Parameters>
			
			<Anchor>//api/name/objectsInContext:sortedWithDescriptors:matchingPredicate:</Anchor>
            <NodeRef refid="2"/>
		</Token>
		
		<Token>
			<TokenIdentifier>//apple_ref/occ/instm/NSManagedObject/objectInContext:matchingPredicate:</TokenIdentifier>
			<Abstract type="html">Finds an object matching the specified predicate</Abstract>
			<DeclaredIn>NSManagedObject+DH.h</DeclaredIn>
			
			<Declaration>+ (instancetype)objectInContext:(NSManagedObjectContext *)context matchingPredicate:(id)stringOrPredicate, ...</Declaration>
			<Parameters>
				<Parameter>
					<Name>context</Name>
					<Abstract type="html">The context to search in</Abstract>
				</Parameter><Parameter>
					<Name>stringOrPredicate</Name>
					<Abstract type="html">Either an NSPredicate object or a string with variadic arguments to use to create a predicate</Abstract>
				</Parameter><Parameter>
					<Name>...</Name>
					<Abstract type="html">A comma-separated list of arguments to substitute into stringOrPredicate</Abstract>
				</Parameter>
			</Parameters>
			
			<Anchor>//api/name/objectInContext:matchingPredicate:</Anchor>
            <NodeRef refid="2"/>
		</Token>
		
		<Token>
			<TokenIdentifier>//apple_ref/occ/instm/NSManagedObject/objectInContext:sortedWithDescriptors:matchingPredicate:</TokenIdentifier>
			<Abstract type="html">Finds an object matching the specified predicate</Abstract>
			<DeclaredIn>NSManagedObject+DH.h</DeclaredIn>
			
			<Declaration>+ (instancetype)objectInContext:(NSManagedObjectContext *)context sortedWithDescriptors:(NSArray *)sortDescriptors matchingPredicate:(id)stringOrPredicate, ...</Declaration>
			<Parameters>
				<Parameter>
					<Name>context</Name>
					<Abstract type="html">The context to search in</Abstract>
				</Parameter><Parameter>
					<Name>sortDescriptors</Name>
					<Abstract type="html">Sort descriptor array</Abstract>
				</Parameter><Parameter>
					<Name>stringOrPredicate</Name>
					<Abstract type="html">Either an NSPredicate object or a string with variadic arguments to use to create a predicate</Abstract>
				</Parameter><Parameter>
					<Name>...</Name>
					<Abstract type="html">A comma-separated list of arguments to substitute into stringOrPredicate</Abstract>
				</Parameter>
			</Parameters>
			
			<Anchor>//api/name/objectInContext:sortedWithDescriptors:matchingPredicate:</Anchor>
            <NodeRef refid="2"/>
		</Token>
		
		<Token>
			<TokenIdentifier>//apple_ref/occ/instm/NSManagedObject/countOfObjectsInContext:matchingPredicate:</TokenIdentifier>
			<Abstract type="html">Returns a count of objects matching the specified predicate</Abstract>
			<DeclaredIn>NSManagedObject+DH.h</DeclaredIn>
			
			<Declaration>+ (NSUInteger)countOfObjectsInContext:(NSManagedObjectContext *)context matchingPredicate:(id)stringOrPredicate, ...</Declaration>
			<Parameters>
				<Parameter>
					<Name>context</Name>
					<Abstract type="html">The context to search in</Abstract>
				</Parameter><Parameter>
					<Name>stringOrPredicate</Name>
					<Abstract type="html">Either an NSPredicate object or a string with variadic arguments to use to create a predicate</Abstract>
				</Parameter><Parameter>
					<Name>...</Name>
					<Abstract type="html">A comma-separated list of arguments to substitute into stringOrPredicate</Abstract>
				</Parameter>
			</Parameters>
			
			<Anchor>//api/name/countOfObjectsInContext:matchingPredicate:</Anchor>
            <NodeRef refid="2"/>
		</Token>
		
		<Token>
			<TokenIdentifier>//apple_ref/occ/instm/NSManagedObject/fetchRequestForContext:</TokenIdentifier>
			<Abstract type="html">	Creates a fetch request for this class&apos;s entity</Abstract>
			<DeclaredIn>NSManagedObject+DH.h</DeclaredIn>
			
			<Declaration>+ (NSFetchRequest *)fetchRequestForContext:(NSManagedObjectContext *)context</Declaration>
			<Parameters>
				<Parameter>
					<Name>context</Name>
					<Abstract type="html">Managed object context to use to configure the request</Abstract>
				</Parameter>
			</Parameters>
			<ReturnValue><Abstract type="html">Configured NSFetchRequest for this class&apos;s entity</Abstract></ReturnValue>
			<Anchor>//api/name/fetchRequestForContext:</Anchor>
            <NodeRef refid="2"/>
		</Token>
		
		<Token>
			<TokenIdentifier>//apple_ref/occ/instm/NSManagedObject/fetchRequestForContext:sortedWithDescriptors:matchingPredicate:</TokenIdentifier>
			<Abstract type="html">	Creates a fetch request for this class&apos;s entity with the provided sort descriptors and predicate</Abstract>
			<DeclaredIn>NSManagedObject+DH.h</DeclaredIn>
			
			<Declaration>+ (NSFetchRequest *)fetchRequestForContext:(NSManagedObjectContext *)context sortedWithDescriptors:(NSArray *)sortDescriptors matchingPredicate:(id)stringOrPredicate, ...</Declaration>
			<Parameters>
				<Parameter>
					<Name>context</Name>
					<Abstract type="html">Managed object context to use to configure the request</Abstract>
				</Parameter><Parameter>
					<Name>sortDescriptors</Name>
					<Abstract type="html">Sort descriptor array To sort the results on</Abstract>
				</Parameter><Parameter>
					<Name>stringOrPredicate</Name>
					<Abstract type="html">Either an NSPredicate object or a string with variadic arguments to use to create a predicate</Abstract>
				</Parameter><Parameter>
					<Name>...</Name>
					<Abstract type="html">A comma-separated list of arguments to substitute into stringOrPredicate</Abstract>
				</Parameter>
			</Parameters>
			<ReturnValue><Abstract type="html">Configured NSFetchRequest for this class&apos;s entity, with the provided sort descriptors and predicate</Abstract></ReturnValue>
			<Anchor>//api/name/fetchRequestForContext:sortedWithDescriptors:matchingPredicate:</Anchor>
            <NodeRef refid="2"/>
		</Token>
		
        
        
	</File>
</Tokens>